slug	current_path	target_path	reason
jing-yi-chuang-ye	books/创业产品/埃里克·莱斯-精益创业.md	books/商业产品/创业方法/埃里克·莱斯-精益创业.md	primary reader goal is entrepreneurship method
yi-ren-qi-ye	books/创业产品/保罗·贾维斯-一人企业.md	books/商业产品/商业模式/保罗·贾维斯-一人企业.md	primary reader goal is business model or company model
chuang-ye-wei-jian	books/创业产品/本·霍洛维茨-创业维艰.md	books/商业产品/创业方法/本·霍洛维茨-创业维艰.md	primary reader goal is entrepreneurship method
dan-gan	books/创业产品/陈欢-单干.md	books/商业产品/商业模式/陈欢-单干.md	primary reader goal is business model or company model
xiao-mi-chuang-ye-si-kao	books/创业产品/雷军-小米创业思考.md	books/商业产品/商业模式/雷军-小米创业思考.md	primary reader goal is business model or company model
zhen-xu-qiu	books/创业产品/梁宁-真需求.md	books/商业产品/商业模式/梁宁-真需求.md	primary reader goal is business model or company model
chan-pin-jing-li-shou-ce	books/创业产品/琳达·哥乔斯-产品经理手册.md	books/商业产品/产品管理/琳达·哥乔斯-产品经理手册.md	primary reader goal is product management
shang-yin	books/创业产品/尼尔·埃亚尔-上瘾.md	books/商业产品/用户体验/尼尔·埃亚尔-上瘾.md	primary reader goal is UX and product design
si-bu-chuang-ye-fa	books/创业产品/史蒂夫·布兰克-四步创业法.md	books/商业产品/创业方法/史蒂夫·布兰克-四步创业法.md	primary reader goal is entrepreneurship method
chuang-ye-36-tiao-jun-gui	books/创业产品/孙陶然-创业36条军规.md	books/商业产品/创业方法/孙陶然-创业36条军规.md	primary reader goal is entrepreneurship method
chan-pin-kai-fa-liu-cheng-yuan-li	books/创业产品/唐纳德·莱纳特森-产品开发流程原理.md	books/商业产品/产品管理/唐纳德·莱纳特森-产品开发流程原理.md	primary reader goal is product management
zeng-zhang-hei-ke	books/创业产品/肖恩·埃利斯-增长黑客.md	books/商业产品/市场增长/肖恩·埃利斯-增长黑客.md	primary reader goal is growth and behavior loops
ke-hu-kai-fa-ru-men	books/创业产品/辛迪·阿尔瓦雷斯-客户开发入门.md	books/商业产品/创业方法/辛迪·阿尔瓦雷斯-客户开发入门.md	primary reader goal is entrepreneurship method
bing-du-shi-xun-huan	books/创业产品/亚当·潘恩伯格-病毒式循环.md	books/商业产品/市场增长/亚当·潘恩伯格-病毒式循环.md	primary reader goal is growth and behavior loops
shang-ye-mo-shi-xin-sheng-dai	books/创业产品/亚历山大·奥斯特瓦德,伊夫·皮尼厄-商业模式新生代.md	books/商业产品/商业模式/亚历山大·奥斯特瓦德,伊夫·皮尼厄-商业模式新生代.md	primary reader goal is business model or company model
yu-jun-chan-pin-fang-fa-lun	books/创业产品/俞军-俞军产品方法论.md	books/商业产品/产品管理/俞军-俞军产品方法论.md	primary reader goal is product management
fu-ge-xing-wei-mo-xing	books/创业产品/B.J.福格-福格行为模型.md	books/商业产品/用户体验/B.J.福格-福格行为模型.md	primary reader goal is UX and product design
jing-yi-chan-pin-shou-ce	books/创业产品/Dan Olsen-精益产品手册.md	books/商业产品/创业方法/Dan Olsen-精益产品手册.md	primary reader goal is entrepreneurship method
facebook-xiao-ying	books/创业产品/David Kirkpatrick-Facebook效应.md	books/商业产品/商业模式/David Kirkpatrick-Facebook效应.md	primary reader goal is business model or company model
she-ji-xin-li-xue	books/创业产品/Don Norman-设计心理学.md	books/商业产品/用户体验/Don Norman-设计心理学.md	primary reader goal is UX and product design
she-ji-chong-ci	books/创业产品/Jake Knapp,John Zeratsky,Braden Kowitz-设计冲刺.md	books/商业产品/用户体验/Jake Knapp,John Zeratsky,Braden Kowitz-设计冲刺.md	primary reader goal is UX and product design
yong-hu-gu-shi-di-tu	books/创业产品/Jeff Patton-用户故事地图.md	books/商业产品/用户体验/Jeff Patton-用户故事地图.md	primary reader goal is UX and product design
yong-hu-ti-yan-yao-su	books/创业产品/Jesse James Garrett-用户体验要素.md	books/商业产品/用户体验/Jesse James Garrett-用户体验要素.md	primary reader goal is UX and product design
qi-shi-lu	books/创业产品/Marty Cagan-启示录.md	books/商业产品/产品管理/Marty Cagan-启示录.md	primary reader goal is product management
ma-ma-ce-shi	books/创业产品/Rob Fitzpatrick-妈妈测试.md	books/商业产品/创业方法/Rob Fitzpatrick-妈妈测试.md	primary reader goal is entrepreneurship method
zhi-ye-mao	books/个人成长/埃德加·施恩-职业锚.md	books/自我管理/职业发展/埃德加·施恩-职业锚.md	primary reader goal is career development
jin-zi-ta-yuan-li	books/个人成长/芭芭拉·明托-金字塔原理.md	books/自我管理/表达输出/芭芭拉·明托-金字塔原理.md	primary reader goal is expression and communication
yuan-jian	books/个人成长/布赖恩·费瑟斯通豪-远见.md	books/自我管理/职业发展/布赖恩·费瑟斯通豪-远见.md	primary reader goal is career development
fu-pan	books/个人成长/陈中-复盘.md	books/思维科学/决策判断/陈中-复盘.md	primary reader goal is principles and review for decisions
10-bei-bi-liang-bei-geng-rong-yi	books/个人成长/丹·沙利文-10倍比两倍更容易.md	books/自我管理/时间精力/丹·沙利文-10倍比两倍更容易.md	primary reader goal is leverage and personal system design
qu-dong-li	books/个人成长/丹尼尔·平克-驱动力.md	books/自我管理/习惯行动/丹尼尔·平克-驱动力.md	primary reader goal is motivation and action
di-er-da-nao	books/个人成长/蒂亚戈·福特-第二大脑.md	books/自我管理/学习练习/蒂亚戈·福特-第二大脑.md	primary reader goal is learning and reading
lang-du-shou-ce	books/个人成长/吉姆·崔利斯-朗读手册.md	books/自我管理/学习练习/吉姆·崔利斯-朗读手册.md	primary reader goal is learning and reading
yan-jiang-de-li-liang	books/个人成长/克里斯·安德森-演讲的力量.md	books/自我管理/表达输出/克里斯·安德森-演讲的力量.md	primary reader goal is expression and communication
ni-de-jiang-luo-san-shi-shen-me-yan-se	books/个人成长/理查德·尼尔森·鲍利斯-你的降落伞是什么颜色.md	books/自我管理/职业发展/理查德·尼尔森·鲍利斯-你的降落伞是什么颜色.md	primary reader goal is career development
5-dian-zhong-ju-le-bu	books/个人成长/罗宾·夏玛-5点钟俱乐部.md	books/自我管理/习惯行动/罗宾·夏玛-5点钟俱乐部.md	primary reader goal is motivation and action
zui-xiao-zu-li-zhi-lu	books/个人成长/罗伯特·弗里茨-最小阻力之路.md	books/自我管理/时间精力/罗伯特·弗里茨-最小阻力之路.md	primary reader goal is leverage and personal system design
zhong-shen-you-er-yuan	books/个人成长/米切尔·雷斯尼克-终身幼儿园.md	books/自我管理/学习练习/米切尔·雷斯尼克-终身幼儿园.md	primary reader goal is learning and reading
ru-he-yue-du-yi-ben-shu	books/个人成长/莫提默·J·艾德勒,查尔斯·范多伦-如何阅读一本书.md	books/自我管理/学习练习/莫提默·J·艾德勒,查尔斯·范多伦-如何阅读一本书.md	primary reader goal is learning and reading
xue-hui-ti-wen	books/个人成长/尼尔·布朗,斯图尔特·基利-学会提问.md	books/思维科学/证据科学/尼尔·布朗,斯图尔特·基利-学会提问.md	primary reader goal is evidence questioning
yuan-ze	books/个人成长/瑞·达利欧-原则.md	books/思维科学/决策判断/瑞·达利欧-原则.md	primary reader goal is principles and review for decisions
xi-que	books/个人成长/塞德希尔·穆来纳森,埃尔德·沙菲尔-稀缺.md	books/思维科学/行为经济/塞德希尔·穆来纳森,埃尔德·沙菲尔-稀缺.md	primary reader goal is behavioral economics and scarcity
gao-qing-shang-liao-tian-shu	books/个人成长/张超-高情商聊天术.md	books/自我管理/表达输出/张超-高情商聊天术.md	primary reader goal is expression and communication
ren-zhi-jue-xing	books/个人成长/周岭-认知觉醒.md	books/自我管理/习惯行动/周岭-认知觉醒.md	primary reader goal is motivation and action
shi-wa-xin-ge-jian-shen-quan-shu	books/健康运动/阿诺德·施瓦辛格-施瓦辛格健身全书.md	books/健康身体/运动训练/阿诺德·施瓦辛格-施瓦辛格健身全书.md	primary reader goal is exercise and training
chao-yue-bai-sui	books/健康运动/彼得·阿提亚-超越百岁.md	books/健康身体/衰老照护/彼得·阿提亚-超越百岁.md	primary reader goal is aging, disease, and care
shen-du-ying-yang	books/健康运动/凯瑟琳·沙纳汉-深度营养.md	books/健康身体/营养代谢/凯瑟琳·沙纳汉-深度营养.md	primary reader goal is nutrition and metabolism
wu-qi-xie-jian-shen	books/健康运动/马克·劳伦-无器械健身.md	books/健康身体/运动训练/马克·劳伦-无器械健身.md	primary reader goal is exercise and training
wo-men-wei-shen-me-yao-shui-jiao	books/健康运动/马修·沃克-我们为什么要睡觉.md	books/健康身体/睡眠恢复/马修·沃克-我们为什么要睡觉.md	primary reader goal is sleep and recovery
wei-xi-guan-shou-shen-pian	books/健康运动/斯蒂芬·盖斯-微习惯·瘦身篇.md	books/健康身体/医学生理/斯蒂芬·盖斯-微习惯·瘦身篇.md	primary reader goal is medicine and physiology
yun-dong-gai-zao-da-nao	books/健康运动/约翰·瑞迪-运动改造大脑.md	books/健康身体/运动训练/约翰·瑞迪-运动改造大脑.md	primary reader goal is exercise and training
sheng-li-xue	books/健康运动/朱大年,王庭槐-生理学.md	books/健康身体/医学生理/朱大年,王庭槐-生理学.md	primary reader goal is medicine and physiology
gao-ji-yun-dong-sheng-li-xue	books/健康运动/ACSM-高级运动生理学.md	books/健康身体/运动训练/ACSM-高级运动生理学.md	primary reader goal is exercise and training
jian-shen-yu-jian-kang-wan-quan-zhi-nan	books/健康运动/ACSM-健身与健康完全指南.md	books/健康身体/运动训练/ACSM-健身与健康完全指南.md	primary reader goal is exercise and training
nai-li	books/健康运动/Alex Hutchinson-耐力.md	books/健康身体/运动训练/Alex Hutchinson-耐力.md	primary reader goal is exercise and training
zui-hao-de-gao-bie	books/健康运动/Atul Gawande-最好的告别.md	books/健康身体/衰老照护/Atul Gawande-最好的告别.md	primary reader goal is aging, disease, and care
ying-yang-xue	books/健康运动/Frances Sizer,Eleanor Whitney-营养学.md	books/健康身体/营养代谢/Frances Sizer,Eleanor Whitney-营养学.md	primary reader goal is nutrition and metabolism
fei-pang-dai-ma	books/健康运动/Jason Fung-肥胖代码.md	books/健康身体/营养代谢/Jason Fung-肥胖代码.md	primary reader goal is nutrition and metabolism
shen-ti-shi-yong-shou-ce	books/健康运动/Kelly Starrett-身体使用手册.md	books/健康身体/运动训练/Kelly Starrett-身体使用手册.md	primary reader goal is exercise and training
dang-hu-xi-hua-wei-kong-qi	books/健康运动/Paul Kalanithi-当呼吸化为空气.md	books/健康身体/衰老照护/Paul Kalanithi-当呼吸化为空气.md	primary reader goal is aging, disease, and care
wo-men-wei-shen-me-hui-sheng-bing	books/健康运动/Randolph M. Nesse,George C. Williams-我们为什么会生病.md	books/健康身体/衰老照护/Randolph M. Nesse,George C. Williams-我们为什么会生病.md	primary reader goal is aging, disease, and care
da-guo-de-xing-shuai	books/历史传记/保罗·肯尼迪-大国的兴衰.md	books/历史世界/世界历史/保罗·肯尼迪-大国的兴衰.md	primary reader goal is world history
si-chou-zhi-lu	books/历史传记/彼得·弗兰科潘-丝绸之路.md	books/历史世界/世界历史/彼得·弗兰科潘-丝绸之路.md	primary reader goal is world history
bie-dou-le-fei-man-xian-sheng	books/历史传记/费曼-别逗了费曼先生.md	books/历史世界/传记回忆/费曼-别逗了费曼先生.md	primary reader goal is biography or memoir
zhu-ding-yi-zhan	books/历史传记/格雷厄姆·艾利森-注定一战.md	books/历史世界/国际秩序/格雷厄姆·艾利森-注定一战.md	primary reader goal is international order and geopolitical risk
wan-li-shi-wu-nian	books/历史传记/黄仁宇-万历十五年.md	books/历史世界/中国历史/黄仁宇-万历十五年.md	primary reader goal is China history
jiao-hun	books/历史传记/孔飞力-叫魂.md	books/历史世界/中国历史/孔飞力-叫魂.md	primary reader goal is China history
zhong-guo-tong-shi	books/历史传记/吕思勉-中国通史.md	books/历史世界/中国历史/吕思勉-中国通史.md	primary reader goal is China history
zhong-guo-li-dai-zheng-zhi-de-shi	books/历史传记/钱穆-中国历代政治得失.md	books/历史世界/中国历史/钱穆-中国历代政治得失.md	primary reader goal is China history
shu-niu	books/历史传记/施展-枢纽.md	books/历史世界/中国历史/施展-枢纽.md	primary reader goal is China history
quan-qiu-tong-shi	books/历史传记/斯塔夫里阿诺斯-全球通史.md	books/历史世界/世界历史/斯塔夫里阿诺斯-全球通史.md	primary reader goal is world history
jiu-zhi-du-yu-da-ge-ming	books/历史传记/托克维尔-旧制度与大革命.md	books/历史世界/传记回忆/托克维尔-旧制度与大革命.md	primary reader goal is biography or memoir
zhong-guo-jin-dai-shi	books/历史传记/徐中约-中国近代史.md	books/历史世界/中国历史/徐中约-中国近代史.md	primary reader goal is China history
ceng-guo-fan-chuan	books/历史传记/张宏杰-曾国藩传.md	books/历史世界/中国历史/张宏杰-曾国藩传.md	primary reader goal is China history
qing-dan-ge-ming	books/商业管理/阿图·葛文德-清单革命.md	books/职业组织/运营流程/阿图·葛文德-清单革命.md	primary reader goal is operations and process
chong-xin-ding-yi-gong-si	books/商业管理/埃里克·施密特,乔纳森·罗森伯格-重新定义公司.md	books/职业组织/管理通论/埃里克·施密特,乔纳森·罗森伯格-重新定义公司.md	general management shelf
wu-wei-de-zu-zhi	books/商业管理/艾米·埃德蒙森-无畏的组织.md	books/职业组织/组织领导/艾米·埃德蒙森-无畏的组织.md	primary reader goal is leadership and teams
mba-yi-ri-tong	books/商业管理/本·蒂格拉尔-MBA一日通.md	books/职业组织/管理通论/本·蒂格拉尔-MBA一日通.md	general management shelf
ling-shou-de-ben-zhi	books/商业管理/本多利范-零售的本质.md	books/商业产品/商业模式/本多利范-零售的本质.md	primary reader goal is business model or market operation
guan-li-de-shi-jian	books/商业管理/彼得·德鲁克-管理的实践.md	books/职业组织/管理通论/彼得·德鲁克-管理的实践.md	general management shelf
zhuo-you-cheng-xiao-de-guan-li-zhe	books/商业管理/彼得·德鲁克-卓有成效的管理者.md	books/职业组织/管理通论/彼得·德鲁克-卓有成效的管理者.md	general management shelf
di-wu-xiang-xiu-lian	books/商业管理/彼得·圣吉-第五项修炼.md	books/职业组织/管理通论/彼得·圣吉-第五项修炼.md	general management shelf
cai-wu-zhi-hui	books/商业管理/财务与估值/卡伦·伯曼,乔·奈特-财务智慧.md	books/商业产品/经营财务/卡伦·伯曼,乔·奈特-财务智慧.md	existing finance and valuation shelf
ling-dao-ti-dui	books/商业管理/查兰-领导梯队.md	books/职业组织/组织领导/查兰-领导梯队.md	primary reader goal is leadership and teams
dui-du	books/商业管理/陈楫宝-对赌.md	books/思维科学/决策判断/陈楫宝-对赌.md	primary reader goal is decision and betting logic
dou-hun	books/商业管理/稻盛和夫-斗魂.md	books/职业组织/管理通论/稻盛和夫-斗魂.md	general management shelf
ke-fu-zhi-de-ling-dao-li	books/商业管理/樊登-可复制的领导力.md	books/职业组织/组织领导/樊登-可复制的领导力.md	primary reader goal is leadership and teams
ke-xue-guan-li-yuan-li	books/商业管理/弗雷德里克·泰勒-科学管理原理.md	books/职业组织/运营流程/弗雷德里克·泰勒-科学管理原理.md	primary reader goal is operations and process
zhi-you-pian-zhi-kuang-cai-neng-sheng-cun	books/商业管理/公司战略/安迪·格鲁夫-只有偏执狂才能生存.md	books/商业产品/商业战略/安迪·格鲁夫-只有偏执狂才能生存.md	existing company-strategy shelf
cong-ling-dao-yi	books/商业管理/公司战略/彼得·蒂尔,布莱克·马斯特斯-从零到一.md	books/商业产品/商业战略/彼得·蒂尔,布莱克·马斯特斯-从零到一.md	existing company-strategy shelf
cong-you-xiu-dao-zhuo-yue	books/商业管理/公司战略/吉姆·柯林斯-从优秀到卓越.md	books/商业产品/商业战略/吉姆·柯林斯-从优秀到卓越.md	existing company-strategy shelf
ji-ye-chang-qing	books/商业管理/公司战略/吉姆·柯林斯,杰里·波勒斯-基业长青.md	books/商业产品/商业战略/吉姆·柯林斯,杰里·波勒斯-基业长青.md	existing company-strategy shelf
chuang-xin-zhe-de-jie-da	books/商业管理/公司战略/克莱顿·克里斯坦森-创新者的解答.md	books/商业产品/商业战略/克莱顿·克里斯坦森-创新者的解答.md	existing company-strategy shelf
chuang-xin-zhe-de-jiong-jing	books/商业管理/公司战略/克莱顿·克里斯坦森-创新者的窘境.md	books/商业产品/商业战略/克莱顿·克里斯坦森-创新者的窘境.md	existing company-strategy shelf
jing-zheng-zhan-l-e	books/商业管理/公司战略/迈克尔·波特-竞争战略.md	books/商业产品/商业战略/迈克尔·波特-竞争战略.md	existing company-strategy shelf
zhui-qiu-zhuo-yue	books/商业管理/公司战略/汤姆·彼得斯,罗伯特·沃特曼-追求卓越.md	books/商业产品/商业战略/汤姆·彼得斯,罗伯特·沃特曼-追求卓越.md	existing company-strategy shelf
hao-zhan-l-e-huai-zhan-l-e	books/商业管理/公司战略/Richard Rumelt-好战略，坏战略.md	books/商业产品/商业战略/Richard Rumelt-好战略，坏战略.md	existing company-strategy shelf
ding-jia-zhi-sheng	books/商业管理/赫尔曼·西蒙-定价制胜.md	books/商业产品/商业模式/赫尔曼·西蒙-定价制胜.md	primary reader goal is business model or market operation
hua-shan-jiang-tou-sun-zi-bing-fa	books/商业管理/华杉-华杉讲透《孙子兵法》.md	books/商业产品/商业战略/华杉-华杉讲透《孙子兵法》.md	primary reader goal is strategy
ping-tai-ge-ming	books/商业管理/杰奥夫雷G. 帕克,马歇尔W. 范·埃尔斯泰恩,桑基特·保罗·邱达利-平台革命.md	books/商业产品/商业模式/杰奥夫雷G. 帕克,马歇尔W. 范·埃尔斯泰恩,桑基特·保罗·邱达利-平台革命.md	primary reader goal is business model or market operation
feng-tian-zhi-dao	books/商业管理/杰弗里·莱克-丰田之道.md	books/职业组织/运营流程/杰弗里·莱克-丰田之道.md	primary reader goal is operations and process
chong-xin-ding-yi-tuan-dui	books/商业管理/拉兹洛·博克-重新定义团队.md	books/职业组织/组织领导/拉兹洛·博克-重新定义团队.md	primary reader goal is leadership and teams
tuan-dui-xie-zuo-de-wu-da-zhang-ai	books/商业管理/帕特里克·兰西奥尼-团队协作的五大障碍.md	books/职业组织/组织领导/帕特里克·兰西奥尼-团队协作的五大障碍.md	primary reader goal is leadership and teams
jing-li-ren-yuan-de-zhi-neng	books/商业管理/切斯特·I.巴纳德-经理人员的职能.md	books/职业组织/组织领导/切斯特·I.巴纳德-经理人员的职能.md	primary reader goal is leadership and teams
she-qun-ying-xiao-yu-yun-ying	books/商业管理/秦阳,秋叶-社群营销与运营.md	books/商业产品/商业模式/秦阳,秋叶-社群营销与运营.md	primary reader goal is business model or market operation
ding-wei	books/商业管理/市场营销/阿尔·里斯,杰克·特劳特-定位.md	books/商业产品/市场增长/阿尔·里斯,杰克·特劳特-定位.md	existing marketing shelf
shang-zhan	books/商业管理/市场营销/艾·里斯,杰克·特劳特-商战.md	books/商业产品/市场增长/艾·里斯,杰克·特劳特-商战.md	existing marketing shelf
ying-xiao-guan-li	books/商业管理/市场营销/菲利普·科特勒,凯文·莱恩·凯勒,亚历山大·切尔内夫-营销管理.md	books/商业产品/市场增长/菲利普·科特勒,凯文·莱恩·凯勒,亚历山大·切尔内夫-营销管理.md	existing marketing shelf
chao-ji-fu-hao-jiu-shi-chao-ji-chuang-yi	books/商业管理/市场营销/华杉 华楠-超级符号就是超级创意.md	books/商业产品/市场增长/华杉 华楠-超级符号就是超级创意.md	existing marketing shelf
kua-yue-hong-gou	books/商业管理/市场营销/杰弗里·摩尔-跨越鸿沟.md	books/商业产品/市场增长/杰弗里·摩尔-跨越鸿沟.md	existing marketing shelf
pin-lei-zhan-l-e	books/商业管理/市场营销/张云,王刚-品类战略.md	books/商业产品/市场增长/张云,王刚-品类战略.md	existing marketing shelf
yin-bao-dian	books/商业管理/市场营销/Malcolm Gladwell-引爆点.md	books/商业产品/市场增长/Malcolm Gladwell-引爆点.md	existing marketing shelf
fu-neng	books/商业管理/斯坦利·麦克里斯特尔-赋能.md	books/职业组织/组织领导/斯坦利·麦克里斯特尔-赋能.md	primary reader goal is leadership and teams
gao-ji-xiao-jiao-lian	books/商业管理/约翰·惠特默-高绩效教练.md	books/职业组织/教练协作/约翰·惠特默-高绩效教练.md	primary reader goal is coaching
bian-ge-zhi-xin	books/商业管理/约翰·科特,丹·科恩-变革之心.md	books/职业组织/组织领导/约翰·科特,丹·科恩-变革之心.md	primary reader goal is leadership and teams
quan-li-yu-ying-xiang-li	books/商业管理/约翰·P·科特-权力与影响力.md	books/职业组织/权力变革/约翰·P·科特-权力与影响力.md	primary reader goal is power and change
jing-yi-si-wei	books/商业管理/詹姆斯·沃麦克-精益思维.md	books/职业组织/运营流程/詹姆斯·沃麦克-精益思维.md	primary reader goal is operations and process
wu-he-zhi-zhong	books/商业管理/组织行为学/古斯塔夫·勒庞-乌合之众.md	books/社会公共/社会理论/古斯塔夫·勒庞-乌合之众.md	group behavior classic is primary social theory
quan-li	books/商业管理/组织行为学/杰弗瑞·菲佛-权力.md	books/职业组织/权力变革/杰弗瑞·菲佛-权力.md	primary reader goal is organizational power
ying-xiang-li	books/商业管理/组织行为学/罗伯特·西奥迪尼-影响力.md	books/商业产品/市场增长/罗伯特·西奥迪尼-影响力.md	persuasion book is primary growth and marketing bridge
zu-zhi-xing-wei-xue	books/商业管理/组织行为学/斯蒂芬·罗宾斯-组织行为学.md	books/职业组织/组织领导/斯蒂芬·罗宾斯-组织行为学.md	primary reader goal is organizational behavior
zou-chu-wei-ji	books/商业管理/W·爱德华兹·戴明-走出危机.md	books/职业组织/运营流程/W·爱德华兹·戴明-走出危机.md	primary reader goal is operations and process
she-hui-fen-gong-lun	books/社会科学/埃米尔·涂尔干-社会分工论.md	books/社会公共/社会理论/埃米尔·涂尔干-社会分工论.md	social theory and public life shelf
chu-shi-chuan-bo-xue	books/社会科学/埃姆·格里芬-初识传播学.md	books/社会公共/媒介传播/埃姆·格里芬-初识传播学.md	primary reader goal is media and communication
xing-bie-da-jie	books/社会科学/艾伦·约翰逊-性别打结.md	books/社会公共/性别结构/艾伦·约翰逊-性别打结.md	primary reader goal is gender and social structure
cheng-shi-de-sheng-li	books/社会科学/爱德华·格莱泽-城市的胜利.md	books/社会公共/城市环境/爱德华·格莱泽-城市的胜利.md	primary reader goal is city, environment, and sustainability
wei-lai-hu-xiao-er-lai	books/社会科学/彼得·戴曼迪斯,史蒂芬·科特勒-未来呼啸而来.md	books/科技媒介/未来技术/彼得·戴曼迪斯,史蒂芬·科特勒-未来呼啸而来.md	primary reader goal is future technology
fu-za-jing-ji-xue	books/社会科学/布莱恩·阿瑟-复杂经济学.md	books/金钱投资/经济学/布莱恩·阿瑟-复杂经济学.md	primary reader goal is economics
ji-shu-de-ben-zhi	books/社会科学/布莱恩·阿瑟-技术的本质.md	books/社会公共/技术社会/布莱恩·阿瑟-技术的本质.md	primary reader goal is technology in social systems
kan-de-jian-de-zheng-yi	books/社会科学/陈瑞华-看得见的正义.md	books/社会公共/法律公共/陈瑞华-看得见的正义.md	primary reader goal is law and public justice
zheng-zhi-jing-ji-xue-ji-fu-shui-yuan-li	books/社会科学/大卫·李嘉图-政治经济学及赋税原理.md	books/社会公共/政治制度/大卫·李嘉图-政治经济学及赋税原理.md	primary reader goal is political institutions
zeng-zhang-de-ji-xian	books/社会科学/丹尼斯·米都斯等-增长的极限.md	books/社会公共/城市环境/丹尼斯·米都斯等-增长的极限.md	primary reader goal is city, environment, and sustainability
guo-jia-wei-shen-me-hui-shi-bai	books/社会科学/德隆·阿西莫格鲁,詹姆斯·罗宾逊-国家为什么会失败.md	books/社会公共/政治制度/德隆·阿西莫格鲁,詹姆斯·罗宾逊-国家为什么会失败.md	primary reader goal is political institutions
xiang-tu-zhong-guo	books/社会科学/费孝通-乡土中国.md	books/社会公共/社会理论/费孝通-乡土中国.md	social theory and public life shelf
feng-xian-bu-que-ding-xing-yu-li-run	books/社会科学/弗兰克·H·奈特-风险、不确定性与利润.md	books/金钱投资/经济学/弗兰克·H·奈特-风险、不确定性与利润.md	primary reader goal is economics
tong-wang-nu-yi-zhi-lu	books/社会科学/弗里德里希·哈耶克-通往奴役之路.md	books/社会公共/政治制度/弗里德里希·哈耶克-通往奴役之路.md	primary reader goal is political institutions
shi-jie-zhi-xu	books/社会科学/亨利·基辛格-世界秩序.md	books/历史世界/国际秩序/亨利·基辛格-世界秩序.md	primary reader goal is international order
qiang-pao-bing-jun-yu-gang-tie	books/社会科学/贾雷德·戴蒙德-枪炮、病菌与钢铁.md	books/历史世界/世界历史/贾雷德·戴蒙德-枪炮、病菌与钢铁.md	primary reader goal is civilizational history
igen	books/社会科学/简·腾格-iGen.md	books/社会公共/社会理论/简·腾格-iGen.md	social theory and public life shelf
mei-guo-da-cheng-shi-de-si-yu-sheng	books/社会科学/简·雅各布斯-美国大城市的死与生.md	books/社会公共/城市环境/简·雅各布斯-美国大城市的死与生.md	primary reader goal is city, environment, and sustainability
pin-qiong-de-ben-zhi	books/社会科学/经济学/阿比吉特·班纳吉,埃斯特·迪弗洛-贫穷的本质.md	books/金钱投资/经济学/阿比吉特·班纳吉,埃斯特·迪弗洛-贫穷的本质.md	existing economics shelf moves under money and economics
xiao-dao-jing-ji-xue	books/社会科学/经济学/彼得·希夫,安德鲁·希夫-小岛经济学.md	books/金钱投资/经济学/彼得·希夫,安德鲁·希夫-小岛经济学.md	existing economics shelf moves under money and economics
zhai	books/社会科学/经济学/大卫·格雷伯-债.md	books/金钱投资/经济学/大卫·格雷伯-债.md	existing economics shelf moves under money and economics
zhi-shen-shi-nei	books/社会科学/经济学/兰小欢-置身事内.md	books/金钱投资/经济学/兰小欢-置身事内.md	existing economics shelf moves under money and economics
21-shi-ji-zi-ben-lun	books/社会科学/经济学/托马斯·皮凯蒂-21世纪资本论.md	books/金钱投资/经济学/托马斯·皮凯蒂-21世纪资本论.md	existing economics shelf moves under money and economics
xiang-jing-ji-xue-jia-yi-yang-si-kao	books/社会科学/经济学/宇泽弘文-像经济学家一样思考.md	books/金钱投资/经济学/宇泽弘文-像经济学家一样思考.md	existing economics shelf moves under money and economics
jing-ji-xue-yuan-li	books/社会科学/经济学/N.格里高利·曼昆-经济学原理.md	books/金钱投资/经济学/N.格里高利·曼昆-经济学原理.md	existing economics shelf moves under money and economics
kan-bu-jian-de-nv-xing	books/社会科学/卡罗琳·克利亚多·佩雷斯-看不见的女性.md	books/社会公共/性别结构/卡罗琳·克利亚多·佩雷斯-看不见的女性.md	primary reader goal is gender and social structure
bi-ran	books/社会科学/凯文·凯利-必然.md	books/科技媒介/未来技术/凯文·凯利-必然.md	primary reader goal is future technology
shi-kong	books/社会科学/凯文·凯利-失控.md	books/科技媒介/未来技术/凯文·凯利-失控.md	primary reader goal is future technology
suan-fa-ba-quan	books/社会科学/凯西·奥尼尔-算法霸权.md	books/科技媒介/平台算法/凯西·奥尼尔-算法霸权.md	primary reader goal is platforms and algorithms
ai-2041	books/社会科学/李开复,陈楸帆-AI 2041.md	books/科技媒介/AI变革/李开复,陈楸帆-AI 2041.md	primary reader goal is AI transformation
xing-fa-xue-jiang-yi	books/社会科学/罗翔-刑法学讲义.md	books/社会公共/法律公共/罗翔-刑法学讲义.md	primary reader goal is law and public justice
li-jie-mei-jie	books/社会科学/马歇尔·麦克卢汉-理解媒介.md	books/社会公共/媒介传播/马歇尔·麦克卢汉-理解媒介.md	primary reader goal is media and communication
sheng-ming-3-0	books/社会科学/迈克斯·泰格马克-生命3.0.md	books/科技媒介/AI变革/迈克斯·泰格马克-生命3.0.md	primary reader goal is AI transformation
quan-li-yu-fan-rong	books/社会科学/曼瑟·奥尔森-权力与繁荣.md	books/社会公共/政治制度/曼瑟·奥尔森-权力与繁荣.md	primary reader goal is political institutions
hei-tian-e	books/社会科学/纳西姆·尼古拉斯·塔勒布-黑天鹅.md	books/思维科学/概率风险/纳西姆·尼古拉斯·塔勒布-黑天鹅.md	primary reader goal is uncertainty and extreme risk
yu-le-zhi-si	books/社会科学/尼尔·波兹曼-娱乐至死.md	books/社会公共/媒介传播/尼尔·波兹曼-娱乐至死.md	primary reader goal is media and communication
min-fa-dian-yu-ri-chang-sheng-huo	books/社会科学/彭诚信,陈吉栋-民法典与日常生活.md	books/社会公共/法律公共/彭诚信,陈吉栋-民法典与日常生活.md	primary reader goal is law and public justice
gong-zuo-xiao-fei-zhu-yi-he-xin-qiong-ren	books/社会科学/齐格蒙特·鲍曼-工作、消费主义和新穷人.md	books/社会公共/社会理论/齐格蒙特·鲍曼-工作、消费主义和新穷人.md	social theory and public life shelf
lun-ren-lei-bu-ping-deng-de-qi-yuan-he-ji-chu	books/社会科学/让-雅克·卢梭-论人类不平等的起源和基础.md	books/社会公共/政治制度/让-雅克·卢梭-论人类不平等的起源和基础.md	primary reader goal is political institutions
xiao-fei-she-hui	books/社会科学/让·鲍德里亚-消费社会.md	books/金钱投资/经济学/让·鲍德里亚-消费社会.md	primary reader goal is economics
wen-ming-de-chong-tu	books/社会科学/塞缪尔·亨廷顿-文明的冲突.md	books/历史世界/国际秩序/塞缪尔·亨廷顿-文明的冲突.md	primary reader goal is international order
yan-nv	books/社会科学/上野千鹤子-厌女.md	books/社会公共/性别结构/上野千鹤子-厌女.md	primary reader goal is gender and social structure
fa-zhi-ji-qi-ben-tu-zi-yuan	books/社会科学/苏力-法治及其本土资源.md	books/社会公共/法律公共/苏力-法治及其本土资源.md	primary reader goal is law and public justice
xue-dian-fa-lv-bi-dian-keng	books/社会科学/隋兵-学点法律避点坑.md	books/社会公共/法律公共/隋兵-学点法律避点坑.md	primary reader goal is law and public justice
you-xian-jie-ji-lun	books/社会科学/托斯丹·凡勃伦-有闲阶级论.md	books/金钱投资/经济学/托斯丹·凡勃伦-有闲阶级论.md	primary reader goal is economics
di-er-xing	books/社会科学/西蒙娜·德·波伏瓦-第二性.md	books/社会公共/性别结构/西蒙娜·德·波伏瓦-第二性.md	primary reader goal is gender and social structure
guo-fu-lun	books/社会科学/亚当·斯密-国富论.md	books/金钱投资/经济学/亚当·斯密-国富论.md	primary shelf is economics
guo-lv-pao	books/社会科学/伊莱·帕里泽-过滤泡.md	books/科技媒介/平台算法/伊莱·帕里泽-过滤泡.md	primary reader goal is platforms and algorithms
jin-ri-jian-shi	books/社会科学/尤瓦尔·赫拉利-今日简史.md	books/科技媒介/未来技术/尤瓦尔·赫拉利-今日简史.md	primary reader goal is future technology
ren-lei-jian-shi	books/社会科学/尤瓦尔·赫拉利-人类简史.md	books/历史世界/世界历史/尤瓦尔·赫拉利-人类简史.md	primary reader goal is civilizational history
wei-lai-jian-shi	books/社会科学/尤瓦尔·赫拉利-未来简史.md	books/科技媒介/未来技术/尤瓦尔·赫拉利-未来简史.md	primary reader goal is future technology
zhi-ren-zhi-shang	books/社会科学/尤瓦尔·赫拉利-智人之上.md	books/科技媒介/信息网络/尤瓦尔·赫拉利-智人之上.md	primary reader goal is information-network history
she-hui-gong-tong-zi-ben	books/社会科学/宇泽弘文-社会共通资本.md	books/社会公共/城市环境/宇泽弘文-社会共通资本.md	primary reader goal is city, environment, and sustainability
sheng-si-ke	books/社会科学/袁凌-生死课.md	books/社会公共/社会理论/袁凌-生死课.md	social theory and public life shelf
jiu-ye-li-xi-he-huo-bi-tong-lun	books/社会科学/约翰·梅纳德·凯恩斯-就业利息与货币通论.md	books/金钱投资/经济学/约翰·梅纳德·凯恩斯-就业利息与货币通论.md	primary reader goal is economics
qi-hou-jing-ji-yu-ren-lei-wei-lai	books/社会科学/Bill Gates-气候经济与人类未来.md	books/社会公共/城市环境/Bill Gates-气候经济与人类未来.md	primary reader goal is climate, environment, and sustainability
dui-qi-wen-ti	books/社会科学/Brian Christian-对齐问题.md	books/科技媒介/AI变革/Brian Christian-对齐问题.md	primary reader goal is AI transformation
she-hui-xue-de-xiang-xiang-li	books/社会科学/C. 赖特·米尔斯-社会学的想象力.md	books/社会公共/社会理论/C. 赖特·米尔斯-社会学的想象力.md	social theory and public life shelf
xiao-ji-shi-mei	books/社会科学/E. F. Schumacher-小即是美.md	books/社会公共/城市环境/E. F. Schumacher-小即是美.md	primary reader goal is city, environment, and sustainability
ren-ji-gong-zhi	books/社会科学/Ethan Mollick-人机共智.md	books/科技媒介/AI变革/Ethan Mollick-人机共智.md	primary reader goal is AI transformation
ji-jiang-dao-lai-de-lang-chao	books/社会科学/Mustafa Suleyman,Michael Bhaskar-即将到来的浪潮.md	books/科技媒介/AI变革/Mustafa Suleyman,Michael Bhaskar-即将到来的浪潮.md	primary reader goal is AI transformation
shi-kong-de-nong-ye	books/社会科学/Philip Lymbery,Isabel Oakeshott-失控的农业.md	books/科技媒介/未来技术/Philip Lymbery,Isabel Oakeshott-失控的农业.md	primary reader goal is future technology
ji-jing-de-chun-tian	books/社会科学/Rachel Carson-寂静的春天.md	books/社会公共/城市环境/Rachel Carson-寂静的春天.md	primary reader goal is city, environment, and sustainability
qi-dian-lin-jin	books/社会科学/Ray Kurzweil-奇点临近.md	books/科技媒介/AI变革/Ray Kurzweil-奇点临近.md	primary reader goal is AI transformation
jian-shi-zi-ben-zhu-yi-shi-dai	books/社会科学/Shoshana Zuboff-监视资本主义时代.md	books/社会公共/技术社会/Shoshana Zuboff-监视资本主义时代.md	primary reader goal is technology in social systems
zhu-yi-li-shang-ren	books/社会科学/Tim Wu-注意力商人.md	books/社会公共/媒介传播/Tim Wu-注意力商人.md	primary reader goal is media and communication
chi-luo-luo-de-tong-ji-xue	books/思维方式/查尔斯·韦兰-赤裸裸的统计学.md	books/思维科学/证据科学/查尔斯·韦兰-赤裸裸的统计学.md	primary reader goal is evidence, statistics, and causality
n-shi-pin-cha	books/思维方式/大卫·萨尔斯伯格-女士品茶.md	books/思维科学/证据科学/大卫·萨尔斯伯格-女士品茶.md	primary reader goal is evidence, statistics, and causality
guai-dan-xing-wei-xue	books/思维方式/丹·艾瑞里-怪诞行为学.md	books/思维科学/行为经济/丹·艾瑞里-怪诞行为学.md	primary reader goal is bias and behavioral economics
si-kao-kuai-yu-man	books/思维方式/丹尼尔·卡尼曼-思考，快与慢.md	books/思维科学/行为经济/丹尼尔·卡尼曼-思考，快与慢.md	primary reader goal is bias and behavioral economics
zao-sheng	books/思维方式/丹尼尔·卡尼曼,奥利维耶·西博尼,卡斯·桑斯坦-噪声.md	books/思维科学/概率风险/丹尼尔·卡尼曼,奥利维耶·西博尼,卡斯·桑斯坦-噪声.md	primary reader goal is uncertainty and risk
xi-tong-zhi-mei	books/思维方式/德内拉·梅多斯-系统之美.md	books/思维科学/系统复杂/德内拉·梅多斯-系统之美.md	primary reader goal is systems and complexity
chao-ji-yu-ce	books/思维方式/菲利普·泰洛克,丹·加德纳-超级预测.md	books/思维科学/概率风险/菲利普·泰洛克,丹·加德纳-超级预测.md	primary reader goal is uncertainty and risk
dong-xue-qi-an	books/思维方式/富勒,彼得·萨伯-洞穴奇案.md	books/思维科学/决策判断/富勒,彼得·萨伯-洞穴奇案.md	primary reader goal is decision and judgment
yin-guo-tui-duan	books/思维方式/郭若城-因果推断.md	books/思维科学/证据科学/郭若城-因果推断.md	primary reader goal is evidence, statistics, and causality
shi-shi	books/思维方式/汉斯·罗斯林,欧拉·罗斯林,安娜·罗斯林·罗朗德-事实.md	books/思维科学/证据科学/汉斯·罗斯林,欧拉·罗斯林,安娜·罗斯林·罗朗德-事实.md	primary reader goal is evidence, statistics, and causality
zhe-cai-shi-xin-li-xue	books/思维方式/基思·斯坦诺维奇-这才是心理学.md	books/思维科学/证据科学/基思·斯坦诺维奇-这才是心理学.md	primary reader goal is evidence, statistics, and causality
si-wei-mo-xing	books/思维方式/加布里·温伯格-思维模型.md	books/思维科学/证据科学/加布里·温伯格-思维模型.md	primary reader goal is scientific worldview
gui-mo	books/思维方式/杰弗里·韦斯特-规模.md	books/思维科学/系统复杂/杰弗里·韦斯特-规模.md	primary reader goal is systems and complexity
kong-zhi-lun-yu-ke-xue-fang-fa-lun	books/思维方式/金观涛、华国凡-控制论与科学方法论.md	books/思维科学/系统复杂/金观涛、华国凡-控制论与科学方法论.md	primary reader goal is systems and complexity
tan-xing	books/思维方式/莱昂纳德·蒙洛迪诺-弹性.md	books/思维科学/系统复杂/莱昂纳德·蒙洛迪诺-弹性.md	primary reader goal is systems and complexity
zen-yang-jue-ding-da-shi	books/思维方式/劳伦斯·艾利森,尼尔·肖特兰-怎样决定大事.md	books/思维科学/决策判断/劳伦斯·艾利森,尼尔·肖特兰-怎样决定大事.md	primary reader goal is decision and judgment
pi-pan-xing-si-wei-gong-ju	books/思维方式/理查德·保罗,琳达·埃尔德-批判性思维工具.md	books/思维科学/证据科学/理查德·保罗,琳达·埃尔德-批判性思维工具.md	primary reader goal is evidence, statistics, and causality
shi-jie-guan	books/思维方式/理查德·德威特-世界观.md	books/思维科学/证据科学/理查德·德威特-世界观.md	primary reader goal is scientific worldview
cuo-wu-de-xing-wei	books/思维方式/理查德·塞勒-错误的行为.md	books/思维科学/行为经济/理查德·塞勒-错误的行为.md	primary reader goal is bias and behavioral economics
zhu-tui	books/思维方式/理查德·塞勒,卡斯·桑斯坦-助推.md	books/思维科学/行为经济/理查德·塞勒,卡斯·桑斯坦-助推.md	primary reader goal is bias and behavioral economics
mang-dian	books/思维方式/马扎林·贝纳基,安东尼·格林沃尔德-盲点.md	books/思维科学/行为经济/马扎林·贝纳基,安东尼·格林沃尔德-盲点.md	primary reader goal is bias and behavioral economics
fu-za	books/思维方式/梅拉妮·米歇尔-复杂.md	books/思维科学/系统复杂/梅拉妮·米歇尔-复杂.md	primary reader goal is systems and complexity
sui-ji-man-bu-de-sha-gua	books/思维方式/纳西姆·尼古拉斯·塔勒布-随机漫步的傻瓜.md	books/思维科学/概率风险/纳西姆·尼古拉斯·塔勒布-随机漫步的傻瓜.md	primary reader goal is uncertainty and risk
fan-cui-ruo	books/思维方式/纳西姆·塔勒布-反脆弱.md	books/思维科学/系统复杂/纳西姆·塔勒布-反脆弱.md	primary reader goal is systems and complexity
jue-duan-li	books/思维方式/奇普·希思,丹·希思-决断力.md	books/思维科学/行为经济/奇普·希思,丹·希思-决断力.md	primary reader goal is bias and behavioral economics
ke-xue-ge-ming-de-jie-gou	books/思维方式/托马斯·库恩-科学革命的结构.md	books/思维科学/证据科学/托马斯·库恩-科学革命的结构.md	primary reader goal is scientific worldview
chao-yue-gan-jue	books/思维方式/文森特·鲁吉罗-超越感觉.md	books/思维科学/证据科学/文森特·鲁吉罗-超越感觉.md	primary reader goal is evidence, statistics, and causality
hun-dun	books/思维方式/詹姆斯·格雷克-混沌.md	books/思维科学/系统复杂/詹姆斯·格雷克-混沌.md	primary reader goal is systems and complexity
wei-shen-me	books/思维方式/朱迪亚·珀尔,达纳·麦肯齐-为什么.md	books/思维科学/证据科学/朱迪亚·珀尔,达纳·麦肯齐-为什么.md	primary reader goal is evidence, statistics, and causality
jin-rong-lian-jin-shu	books/投资/宏观周期/乔治·索罗斯-金融炼金术.md	books/金钱投资/宏观周期/乔治·索罗斯-金融炼金术.md	existing macro-cycle shelf
zhai-wu-wei-ji	books/投资/宏观周期/瑞·达利欧-债务危机.md	books/金钱投资/宏观周期/瑞·达利欧-债务危机.md	existing macro-cycle shelf
quan-qiu-shi-ye-xia-de-tou-zi-ji-hui	books/投资/宏观周期/时寒冰-全球视野下的投资机会.md	books/金钱投资/宏观周期/时寒冰-全球视野下的投资机会.md	existing macro-cycle shelf
cong-ming-de-tou-zi-zhe	books/投资/价值投资/本杰明·格雷厄姆-聪明的投资者.md	books/金钱投资/价值投资/本杰明·格雷厄姆-聪明的投资者.md	existing value-investing shelf
zheng-quan-fen-xi	books/投资/价值投资/本杰明·格雷厄姆-证券分析.md	books/金钱投资/价值投资/本杰明·格雷厄姆-证券分析.md	existing value-investing shelf
cheng-gong-tou-zi	books/投资/价值投资/彼得·林奇-成功投资.md	books/金钱投资/价值投资/彼得·林奇-成功投资.md	existing value-investing shelf
zhan-sheng-hua-er-jie	books/投资/价值投资/彼得·林奇-战胜华尔街.md	books/金钱投资/价值投资/彼得·林奇-战胜华尔街.md	existing value-investing shelf
jia-zhi-tou-zi-cong-ge-lei-e-mu-dao-ba-fei-te	books/投资/价值投资/布鲁斯·C.格林沃尔德-价值投资：从格雷厄姆到巴菲特.md	books/金钱投资/价值投资/布鲁斯·C.格林沃尔德-价值投资：从格雷厄姆到巴菲特.md	existing value-investing shelf
qiong-cha-li-bao-dian	books/投资/价值投资/查理·芒格-穷查理宝典.md	books/金钱投资/价值投资/查理·芒格-穷查理宝典.md	existing value-investing shelf
shi-jian-de-mei-gui	books/投资/价值投资/但斌-时间的玫瑰.md	books/金钱投资/价值投资/但斌-时间的玫瑰.md	existing value-investing shelf
zen-yang-xuan-ze-cheng-zhang-gu	books/投资/价值投资/菲利普·费雪-怎样选择成长股.md	books/金钱投资/价值投资/菲利普·费雪-怎样选择成长股.md	existing value-investing shelf
tou-zi-zui-zhong-yao-de-shi	books/投资/价值投资/霍华德·马克斯-投资最重要的事.md	books/金钱投资/价值投资/霍华德·马克斯-投资最重要的事.md	existing value-investing shelf
zhou-qi	books/投资/价值投资/霍华德·马克斯-周期.md	books/金钱投资/价值投资/霍华德·马克斯-周期.md	existing value-investing shelf
ba-fei-te-zhi-dao	books/投资/价值投资/罗伯特·哈格斯特朗-巴菲特之道.md	books/金钱投资/价值投资/罗伯特·哈格斯特朗-巴菲特之道.md	existing value-investing shelf
gu-shi-wen-zhuan	books/投资/价值投资/乔尔·格林布拉特-股市稳赚.md	books/金钱投资/价值投资/乔尔·格林布拉特-股市稳赚.md	existing value-investing shelf
an-quan-bian-ji	books/投资/价值投资/塞思·卡拉曼-安全边际.md	books/金钱投资/价值投资/塞思·卡拉曼-安全边际.md	existing value-investing shelf
xiao-ao-gu-shi	books/投资/价值投资/威廉·欧奈尔-笑傲股市.md	books/金钱投资/价值投资/威廉·欧奈尔-笑傲股市.md	existing value-investing shelf
ba-fei-te-zhi-gu-dong-de-xin	books/投资/价值投资/沃伦·巴菲特-巴菲特致股东的信.md	books/金钱投资/价值投资/沃伦·巴菲特-巴菲特致股东的信.md	existing value-investing shelf
yi-ben-shu-du-dong-cai-bao	books/投资/价值投资/肖星-一本书读懂财报.md	books/金钱投资/价值投资/肖星-一本书读懂财报.md	existing value-investing shelf
jiao-yi-sheng-jing	books/投资/交易系统/布伦特·奔富-交易圣经.md	books/金钱投资/交易系统/布伦特·奔富-交易圣经.md	existing trading-system shelf
qi-huo-shi-chang-de-ji-suan-ji-fen-xi	books/投资/交易系统/查尔斯·勒博-期货市场的计算机分析.md	books/金钱投资/交易系统/查尔斯·勒博-期货市场的计算机分析.md	existing trading-system shelf
hai-gui-jiao-yi-fa-ze	books/投资/交易系统/柯蒂斯·费思-海龟交易法则.md	books/金钱投资/交易系统/柯蒂斯·费思-海龟交易法则.md	existing trading-system shelf
ji-xie-jiao-yi-xi-tong	books/投资/交易系统/理查德·威斯曼-机械交易系统.md	books/金钱投资/交易系统/理查德·威斯曼-机械交易系统.md	existing trading-system shelf
gu-shi-qu-shi-ji-shu-fen-xi	books/投资/交易系统/罗伯特·爱德华兹-股市趋势技术分析.md	books/金钱投资/交易系统/罗伯特·爱德华兹-股市趋势技术分析.md	existing trading-system shelf
ri-ben-la-zhu-tu-ji-shu	books/投资/交易系统/史蒂夫·尼森-日本蜡烛图技术.md	books/金钱投资/交易系统/史蒂夫·尼森-日本蜡烛图技术.md	existing trading-system shelf
ji-shu-jiao-yi-xi-tong-xin-gai-nian	books/投资/交易系统/J·威尔斯·威尔德-技术交易系统新概念.md	books/金钱投资/交易系统/J·威尔斯·威尔德-技术交易系统新概念.md	existing trading-system shelf
gu-piao-da-zuo-shou-hui-yi-lu	books/投资/交易心理/埃德温·勒费弗-股票大作手回忆录.md	books/金钱投资/交易心理/埃德温·勒费弗-股票大作手回忆录.md	existing trading-psychology shelf
tong-xiang-jin-rong-wang-guo-de-zi-you-zhi-lu	books/投资/交易心理/范·K·撒普-通向金融王国的自由之路.md	books/金钱投资/交易心理/范·K·撒普-通向金融王国的自由之路.md	existing trading-psychology shelf
jin-rong-guai-jie	books/投资/交易心理/杰克·施瓦格-金融怪杰.md	books/金钱投资/交易心理/杰克·施瓦格-金融怪杰.md	existing trading-psychology shelf
xin-jin-rong-guai-jie	books/投资/交易心理/杰克·施瓦格-新金融怪杰.md	books/金钱投资/交易心理/杰克·施瓦格-新金融怪杰.md	existing trading-psychology shelf
zi-lv-de-jiao-yi-zhe	books/投资/交易心理/马克·道格拉斯-自律的交易者.md	books/金钱投资/交易心理/马克·道格拉斯-自律的交易者.md	existing trading-psychology shelf
yi-jiao-yi-wei-sheng	books/投资/交易心理/亚历山大·埃尔德-以交易为生.md	books/金钱投资/交易心理/亚历山大·埃尔德-以交易为生.md	existing trading-psychology shelf
xiao-gou-qian-qian	books/投资/理财入门/博多·舍费尔-小狗钱钱.md	books/金钱投资/理财入门/博多·舍费尔-小狗钱钱.md	existing personal finance shelf
fu-ba-ba-qiong-ba-ba	books/投资/理财入门/罗伯特·清崎-富爸爸穷爸爸.md	books/金钱投资/理财入门/罗伯特·清崎-富爸爸穷爸爸.md	existing personal finance shelf
jin-qian-xin-li-xue	books/投资/理财入门/摩根·豪泽尔-金钱心理学.md	books/金钱投资/理财入门/摩根·豪泽尔-金钱心理学.md	existing personal finance shelf
ba-bi-lun-zui-fu-you-de-ren	books/投资/理财入门/乔治·S.克拉森-巴比伦最富有的人.md	books/金钱投资/理财入门/乔治·S.克拉森-巴比伦最富有的人.md	existing personal finance shelf
lin-jia-de-bai-wan-fu-weng	books/投资/理财入门/托马斯·J.斯坦利,威廉·D.丹科-邻家的百万富翁.md	books/金钱投资/理财入门/托马斯·J.斯坦利,威廉·D.丹科-邻家的百万富翁.md	existing personal finance shelf
gong-tong-ji-jin-chang-shi	books/投资/理财入门/约翰·博格-共同基金常识.md	books/金钱投资/理财入门/约翰·博格-共同基金常识.md	existing personal finance shelf
cai-fu-zi-you-zhi-lu	books/投资/理财入门/J·L·柯林斯-财富自由之路.md	books/金钱投资/理财入门/J·L·柯林斯-财富自由之路.md	existing personal finance shelf
bi-er-mi-le-tou-zi-zhi-dao	books/投资/珍妮特·洛尔-比尔·米勒投资之道.md	books/金钱投资/价值投资/珍妮特·洛尔-比尔·米勒投资之道.md	investment-method profile belongs with value investing
ke-yi-lian-xi	books/效率习惯/安德斯·艾利克森-刻意练习.md	books/自我管理/学习练习/安德斯·艾利克森-刻意练习.md	primary reader goal is learning and practice
xue-xi-zhi-dao	books/效率习惯/芭芭拉·奥克利-学习之道.md	books/自我管理/学习练习/芭芭拉·奥克利-学习之道.md	primary reader goal is learning and practice
ren-zhi-tian-xing	books/效率习惯/彼得·C·布朗,亨利·L·罗迪格三世,马克·A·麦克丹尼尔-认知天性.md	books/自我管理/学习练习/彼得·C·布朗,亨利·L·罗迪格三世,马克·A·麦克丹尼尔-认知天性.md	primary reader goal is learning and practice
xi-guan-de-li-liang	books/效率习惯/查尔斯·都希格-习惯的力量.md	books/自我管理/习惯行动/查尔斯·都希格-习惯的力量.md	primary reader goal is habit and behavior change
gao-ding	books/效率习惯/戴维·艾伦-搞定.md	books/自我管理/时间精力/戴维·艾伦-搞定.md	primary reader goal is time, energy, and life system
mei-zhou-gong-zuo-4-xiao-shi	books/效率习惯/蒂莫西·费里斯-每周工作4小时.md	books/自我管理/时间精力/蒂莫西·费里斯-每周工作4小时.md	primary reader goal is time, energy, and life system
jing-yao-zhu-yi	books/效率习惯/格雷戈·麦吉沃恩-精要主义.md	books/自我管理/专注效率/格雷戈·麦吉沃恩-精要主义.md	primary reader goal is focus and productivity
jing-li-guan-li	books/效率习惯/吉姆·洛尔,托尼·施瓦茨-精力管理.md	books/自我管理/时间精力/吉姆·洛尔,托尼·施瓦茨-精力管理.md	primary reader goal is time, energy, and life system
man-sheng-chan-li	books/效率习惯/卡尔·纽波特-慢生产力.md	books/自我管理/专注效率/卡尔·纽波特-慢生产力.md	primary reader goal is focus and productivity
shen-du-gong-zuo	books/效率习惯/卡尔·纽波特-深度工作.md	books/自我管理/专注效率/卡尔·纽波特-深度工作.md	primary reader goal is focus and productivity
you-xiu-dao-bu-neng-bei-hu-shi	books/效率习惯/卡尔·纽波特-优秀到不能被忽视.md	books/自我管理/专注效率/卡尔·纽波特-优秀到不能被忽视.md	primary reader goal is focus and productivity
hai-mian-yue-du-fa	books/效率习惯/李小墨-海绵阅读法.md	books/自我管理/学习练习/李小墨-海绵阅读法.md	primary reader goal is learning and practice
xin-liu	books/效率习惯/米哈里·契克森米哈赖-心流.md	books/自我管理/学习练习/米哈里·契克森米哈赖-心流.md	primary reader goal is learning and practice
duan-she-li	books/效率习惯/山下英子-断舍离.md	books/自我管理/时间精力/山下英子-断舍离.md	primary reader goal is time, energy, and life system
gao-xiao-neng-ren-shi-de-qi-ge-xi-guan	books/效率习惯/史蒂芬·柯维-高效能人士的七个习惯.md	books/自我管理/习惯行动/史蒂芬·柯维-高效能人士的七个习惯.md	primary reader goal is habit and behavior change
wei-xi-guan	books/效率习惯/斯蒂芬·盖斯-微习惯.md	books/自我管理/习惯行动/斯蒂芬·盖斯-微习惯.md	primary reader goal is habit and behavior change
zhao-hui-zhuan-zhu-li	books/效率习惯/约翰·海利-找回专注力.md	books/自我管理/专注效率/约翰·海利-找回专注力.md	primary reader goal is focus and productivity
zhang-kong-xi-guan	books/效率习惯/詹姆斯·克利尔-掌控习惯.md	books/自我管理/习惯行动/詹姆斯·克利尔-掌控习惯.md	primary reader goal is habit and behavior change
zi-zi-zhu-ji	books/写作创意/安妮·拉莫特-字字珠玑.md	books/人文艺术/叙事创作/安妮·拉莫特-字字珠玑.md	primary reader goal is narrative craft
xiang-yi-shu-jia-yi-yang-si-kao	books/写作创意/贝蒂·艾德华-像艺术家一样思考.md	books/人文艺术/艺术美学/贝蒂·艾德华-像艺术家一样思考.md	primary reader goal is art and aesthetics
cheng-wei-zuo-jia	books/写作创意/多萝西娅·布兰德-成为作家.md	books/人文艺术/写作技艺/多萝西娅·布兰德-成为作家.md	primary reader goal is writing craft
wen-xue-jiang-gao	books/写作创意/弗拉基米尔·纳博科夫-文学讲稿.md	books/人文艺术/叙事创作/弗拉基米尔·纳博科夫-文学讲稿.md	primary reader goal is narrative craft
save-the-cat-xie-qing-shao-nian-xiao-shuo	books/写作创意/杰西卡·布鲁迪-Save-the-Cat-写青少年小说.md	books/人文艺术/叙事创作/杰西卡·布鲁迪-Save-the-Cat-写青少年小说.md	primary reader goal is narrative craft
mei-de-li-cheng	books/写作创意/李泽厚-美的历程.md	books/人文艺术/艺术美学/李泽厚-美的历程.md	primary reader goal is art and aesthetics
xie-gei-da-jia-kan-de-she-ji-shu	books/写作创意/罗宾·威廉姆斯-写给大家看的设计书.md	books/人文艺术/设计视觉/罗宾·威廉姆斯-写给大家看的设计书.md	primary reader goal is visual design
gu-shi	books/写作创意/罗伯特·麦基-故事.md	books/人文艺术/叙事创作/罗伯特·麦基-故事.md	primary reader goal is narrative craft
chan-yu-mo-tuo-che-wei-xiu-yi-shu	books/写作创意/罗伯特·M. 波西格-禅与摩托车维修艺术.md	books/人文艺术/艺术美学/罗伯特·M. 波西格-禅与摩托车维修艺术.md	primary reader goal is art and aesthetics
wen-xue-hui-yi-lu	books/写作创意/木心-文学回忆录.md	books/人文艺术/文学阅读/木心-文学回忆录.md	primary reader goal is literary reading
wen-xue-li-lun-ru-men	books/写作创意/乔纳森·卡勒-文学理论入门.md	books/人文艺术/文学阅读/乔纳森·卡勒-文学理论入门.md	primary reader goal is literary reading
ka-pian-bi-ji-xie-zuo-fa	books/写作创意/申克·阿伦斯-卡片笔记写作法.md	books/自我管理/表达输出/申克·阿伦斯-卡片笔记写作法.md	primary reader goal is note-based output
feng-ge-gan-jue	books/写作创意/史蒂芬·平克-风格感觉.md	books/人文艺术/写作技艺/史蒂芬·平克-风格感觉.md	primary reader goal is writing craft
xie-zuo-de-zhan-zheng	books/写作创意/史蒂文·普雷斯菲尔德-写作的战争.md	books/人文艺术/写作技艺/史蒂文·普雷斯菲尔德-写作的战争.md	primary reader goal is writing craft
xie-zuo-zhe-hui-shi	books/写作创意/斯蒂芬·金-写作这回事.md	books/人文艺术/写作技艺/斯蒂芬·金-写作这回事.md	primary reader goal is writing craft
ru-he-yue-du-yi-ben-xiao-shuo	books/写作创意/托马斯·福斯特-如何阅读一本小说.md	books/人文艺术/叙事创作/托马斯·福斯特-如何阅读一本小说.md	primary reader goal is narrative craft
ying-wen-xie-zuo-zhi-nan	books/写作创意/威廉·斯特伦克-英文写作指南.md	books/人文艺术/写作技艺/威廉·斯特伦克-英文写作指南.md	primary reader goal is writing craft
wen-xue-de-gu-shi	books/写作创意/约翰·萨瑟兰-文学的故事.md	books/人文艺术/叙事创作/约翰·萨瑟兰-文学的故事.md	primary reader goal is narrative craft
xiao-shuo-xie-zuo-zhi-nan	books/写作创意/珍妮特·伯罗薇-小说写作指南.md	books/人文艺术/叙事创作/珍妮特·伯罗薇-小说写作指南.md	primary reader goal is narrative craft
tan-mei	books/写作创意/朱光潜-谈美.md	books/人文艺术/艺术美学/朱光潜-谈美.md	primary reader goal is art and aesthetics
yi-shu-de-gu-shi	books/写作创意/E.H. 贡布里希-艺术的故事.md	books/人文艺术/艺术美学/E.H. 贡布里希-艺术的故事.md	primary reader goal is art and aesthetics
xiao-shuo-mian-mian-guan	books/写作创意/E.M. 福斯特-小说面面观.md	books/人文艺术/叙事创作/E.M. 福斯特-小说面面观.md	primary reader goal is narrative craft
ru-he-shuo-hai-zi-cai-hui-ting-zen-me-ting-hai-zi-cai-ken-sh	books/心理学/阿黛尔·法伯,伊莱恩·玛兹丽施-如何说孩子才会听，怎么听孩子才肯说.md	books/关系家庭/沟通冲突/阿黛尔·法伯,伊莱恩·玛兹丽施-如何说孩子才会听，怎么听孩子才肯说.md	primary reader goal is communication and conflict
zi-bei-yu-chao-yue	books/心理学/阿尔弗雷德·阿德勒-自卑与超越.md	books/心理修复/自尊成长/阿尔弗雷德·阿德勒-自卑与超越.md	primary reader goal is self-worth and growth
ai-de-yi-shu	books/心理学/埃里希·弗洛姆-爱的艺术.md	books/关系家庭/亲密关系/埃里希·弗洛姆-爱的艺术.md	primary reader goal is intimate relationship
she-hui-xing-dong-wu	books/心理学/埃利奥特·阿伦森-社会性动物.md	books/思维科学/行为经济/埃利奥特·阿伦森-社会性动物.md	primary reader goal is social bias and behavior
yuan-ding-yu-mu-jiang	books/心理学/艾莉森·高普尼克-园丁与木匠.md	books/关系家庭/儿童发展/艾莉森·高普尼克-园丁与木匠.md	primary reader goal is child development
bei-tao-yan-de-yong-qi	books/心理学/岸见一郎,古贺史健-被讨厌的勇气.md	books/心理修复/自尊成长/岸见一郎,古贺史健-被讨厌的勇气.md	primary reader goal is self-worth and growth
shen-ti-cong-wei-wang-ji	books/心理学/贝塞尔·范德考克-身体从未忘记.md	books/关系家庭/亲密关系/贝塞尔·范德考克-身体从未忘记.md	primary reader goal is intimate relationship
huan-xing-lao-hu	books/心理学/彼得·莱文,安·弗雷德里克-唤醒老虎.md	books/心理修复/创伤修复/彼得·莱文,安·弗雷德里克-唤醒老虎.md	primary reader goal is trauma recovery
bo-en-si-xin-qing-xu-liao-fa	books/心理学/大卫·伯恩斯-伯恩斯新情绪疗法.md	books/心理修复/情绪内耗/大卫·伯恩斯-伯恩斯新情绪疗法.md	primary reader goal is emotion and mental strain
she-hui-xin-li-xue	books/心理学/戴维·迈尔斯-社会心理学.md	books/思维科学/行为经济/戴维·迈尔斯-社会心理学.md	primary reader goal is social bias and behavior
gao-nan-du-tan-hua	books/心理学/道格拉斯·斯通,布鲁斯·佩顿,希拉·汉-高难度谈话.md	books/关系家庭/沟通冲突/道格拉斯·斯通,布鲁斯·佩顿,希拉·汉-高难度谈话.md	primary reader goal is communication and conflict
lu-xi-fa-xiao-ying	books/心理学/菲利普·津巴多-路西法效应.md	books/思维科学/行为经济/菲利普·津巴多-路西法效应.md	primary reader goal is social bias and behavior
jin-ba-duo-pu-tong-xin-li-xue	books/心理学/菲利普·津巴多,罗伯特·约翰逊,薇薇安·麦卡恩-津巴多普通心理学.md	books/心理修复/心理通论/菲利普·津巴多,罗伯特·约翰逊,薇薇安·麦卡恩-津巴多普通心理学.md	psychology general shelf
qing-xu-ji-jiu	books/心理学/盖伊·温奇-情绪急救.md	books/心理修复/情绪内耗/盖伊·温奇-情绪急救.md	primary reader goal is emotion and mental strain
pian-jian-de-ben-zhi	books/心理学/戈登·奥尔波特-偏见的本质.md	books/思维科学/行为经济/戈登·奥尔波特-偏见的本质.md	primary reader goal is social bias and behavior
hai-zi-ba-ni-de-shou-gei-wo	books/心理学/海姆·吉诺特-孩子，把你的手给我.md	books/关系家庭/沟通冲突/海姆·吉诺特-孩子，把你的手给我.md	primary reader goal is communication and conflict
tuo-yan-xin-li-xue	books/心理学/简·博克,莱诺拉·袁-拖延心理学.md	books/心理修复/心理通论/简·博克,莱诺拉·袁-拖延心理学.md	psychology general shelf
zheng-mian-guan-jiao	books/心理学/简·尼尔森-正面管教.md	books/关系家庭/家庭教育/简·尼尔森-正面管教.md	primary reader goal is parenting and family education
xing-ge-de-xian-jing	books/心理学/杰弗里·E.杨,珍妮特·S.克洛斯科-性格的陷阱.md	books/心理修复/自尊成长/杰弗里·E.杨,珍妮特·S.克洛斯科-性格的陷阱.md	primary reader goal is self-worth and growth
zhong-shen-cheng-zhang	books/心理学/卡罗尔·德韦克-终身成长.md	books/心理修复/自尊成长/卡罗尔·德韦克-终身成长.md	primary reader goal is self-worth and growth
zi-kong-li	books/心理学/凯利·麦格尼格尔-自控力.md	books/心理修复/成瘾自控/凯利·麦格尼格尔-自控力.md	primary reader goal is addiction and self-control
guan-jian-dui-hua	books/心理学/科里·帕特森-关键对话.md	books/关系家庭/沟通冲突/科里·帕特森-关键对话.md	primary reader goal is communication and conflict
you-xi-li	books/心理学/劳伦斯·科恩-游戏力.md	books/关系家庭/家庭教育/劳伦斯·科恩-游戏力.md	primary reader goal is parenting and family education
ru-he-rang-ni-ai-de-ren-ai-shang-ni	books/心理学/莉尔·朗兹-如何让你爱的人爱上你.md	books/关系家庭/亲密关系/莉尔·朗兹-如何让你爱的人爱上你.md	primary reader goal is intimate relationship
gei-hai-zi-yi-sheng-de-an-quan-gan	books/心理学/林紫-给孩子一生的安全感.md	books/关系家庭/家庭教育/林紫-给孩子一生的安全感.md	primary reader goal is parenting and family education
hai-zi	books/心理学/鲁道夫·德雷克斯,薇姬·索尔兹-孩子.md	books/关系家庭/家庭教育/鲁道夫·德雷克斯,薇姬·索尔兹-孩子.md	primary reader goal is parenting and family education
xing-fu-de-xian-jing	books/心理学/路斯·哈里斯-幸福的陷阱.md	books/心理修复/情绪内耗/路斯·哈里斯-幸福的陷阱.md	primary reader goal is emotion and mental strain
mei-qi-deng-xiao-ying	books/心理学/罗宾·斯特恩-煤气灯效应.md	books/关系家庭/亲密关系/罗宾·斯特恩-煤气灯效应.md	primary reader goal is intimate relationship
ha-ma-xian-sheng-qu-kan-xin-li-yi-sheng	books/心理学/罗伯特·戴博德-蛤蟆先生去看心理医生.md	books/心理修复/情绪内耗/罗伯特·戴博德-蛤蟆先生去看心理医生.md	primary reader goal is emotion and mental strain
qin-mi-guan-xi	books/心理学/罗兰·米勒-亲密关系.md	books/关系家庭/亲密关系/罗兰·米勒-亲密关系.md	primary reader goal is intimate relationship
gou-tong-de-ben-zhi	books/心理学/罗纳德·阿德勒,劳伦斯·罗森菲尔德,拉塞尔·普罗科特-沟通的本质.md	books/关系家庭/沟通冲突/罗纳德·阿德勒,劳伦斯·罗森菲尔德,拉塞尔·普罗科特-沟通的本质.md	primary reader goal is communication and conflict
ye-xu-ni-gai-zhao-ge-ren-liao-liao	books/心理学/洛莉·戈特利布-也许你该找个人聊聊.md	books/心理修复/情绪内耗/洛莉·戈特利布-也许你该找个人聊聊.md	primary reader goal is emotion and mental strain
zhen-shi-de-xing-fu	books/心理学/马丁·塞利格曼-真实的幸福.md	books/心理修复/自尊成长/马丁·塞利格曼-真实的幸福.md	primary reader goal is self-worth and growth
fei-bao-li-gou-tong	books/心理学/马歇尔·卢森堡-非暴力沟通.md	books/关系家庭/沟通冲突/马歇尔·卢森堡-非暴力沟通.md	primary reader goal is communication and conflict
tong-nian-de-mi-mi	books/心理学/玛利亚·蒙台梭利-童年的秘密.md	books/关系家庭/儿童发展/玛利亚·蒙台梭利-童年的秘密.md	primary reader goal is child development
xiang-yue-xing-qi-er	books/心理学/米奇·阿尔博姆-相约星期二.md	books/心理修复/心理通论/米奇·阿尔博姆-相约星期二.md	psychology general shelf
shuo-fu	books/心理学/诺瓦·戈尔茨坦,史蒂夫·马丁,罗伯特·西奥迪尼-说服.md	books/关系家庭/沟通冲突/诺瓦·戈尔茨坦,史蒂夫·马丁,罗伯特·西奥迪尼-说服.md	primary reader goal is communication and conflict
bu-yuan-liang-ye-mei-guan-xi	books/心理学/皮特·沃克-不原谅也没关系.md	books/心理修复/创伤修复/皮特·沃克-不原谅也没关系.md	primary reader goal is trauma recovery
zheng-yi-zhi-xin	books/心理学/乔纳森·海特-正义之心.md	books/思维科学/行为经济/乔纳森·海特-正义之心.md	primary reader goal is social bias and behavior
qing-xu-shi-shen-me	books/心理学/乔瓦尼·弗契多-情绪是什么.md	books/心理修复/情绪内耗/乔瓦尼·弗契多-情绪是什么.md	primary reader goal is emotion and mental strain
she-hui-ren-zhi-xin-li-xue	books/心理学/桑标-社会认知心理学.md	books/思维科学/行为经济/桑标-社会认知心理学.md	primary reader goal is social bias and behavior
dui-quan-wei-de-fu-cong	books/心理学/斯坦利·米尔格拉姆-对权威的服从.md	books/思维科学/行为经济/斯坦利·米尔格拉姆-对权威的服从.md	primary reader goal is social bias and behavior
bao-jin-wo	books/心理学/苏珊·强森-抱紧我.md	books/关系家庭/亲密关系/苏珊·强森-抱紧我.md	primary reader goal is intimate relationship
wan-zheng-de-cheng-zhang	books/心理学/孙瑞雪-完整的成长.md	books/关系家庭/儿童发展/孙瑞雪-完整的成长.md	primary reader goal is child development
xing-fu-de-fang-fa	books/心理学/泰勒·本-沙哈尔-幸福的方法.md	books/心理修复/自尊成长/泰勒·本-沙哈尔-幸福的方法.md	primary reader goal is self-worth and growth
huo-chu-sheng-ming-de-yi-yi	books/心理学/维克多·E·弗兰克尔-活出生命的意义.md	books/心理修复/自尊成长/维克多·E·弗兰克尔-活出生命的意义.md	primary reader goal is self-worth and growth
yu-ba-bu-neng	books/心理学/亚当·奥尔特-欲罢不能.md	books/心理修复/成瘾自控/亚当·奥尔特-欲罢不能.md	primary reader goal is addiction and self-control
yi-lian	books/心理学/约翰·鲍尔比-依恋.md	books/关系家庭/亲密关系/约翰·鲍尔比-依恋.md	primary reader goal is intimate relationship
xing-fu-de-hun-yin	books/心理学/约翰·戈特曼,娜恩·西尔弗-幸福的婚姻.md	books/关系家庭/亲密关系/约翰·戈特曼,娜恩·西尔弗-幸福的婚姻.md	primary reader goal is intimate relationship
chuang-shang-yu-fu-yuan	books/心理学/朱迪思·赫尔曼-创伤与复原.md	books/心理修复/创伤修复/朱迪思·赫尔曼-创伤与复原.md	primary reader goal is trauma recovery
qing-xu-le-suo	books/心理学/朱迪斯·P·西格尔-情绪勒索.md	books/关系家庭/亲密关系/朱迪斯·P·西格尔-情绪勒索.md	primary reader goal is intimate relationship
duo-ba-an-guo-du	books/心理学/Anna Lembke-多巴胺国度.md	books/心理修复/成瘾自控/Anna Lembke-多巴胺国度.md	primary reader goal is addiction and self-control
zi-zun	books/心理学/Matthew McKay,Patrick Fanning-自尊.md	books/心理修复/自尊成长/Matthew McKay,Patrick Fanning-自尊.md	primary reader goal is self-worth and growth
dang-xia-de-li-liang	books/哲学/埃克哈特·托利-当下的力量.md	books/人文艺术/人生哲学/埃克哈特·托利-当下的力量.md	life philosophy shelf
wu-qiong-de-kai-shi	books/哲学/戴维·多伊奇-无穷的开始.md	books/思维科学/证据科学/戴维·多伊奇-无穷的开始.md	primary reader goal is mind, knowledge, and explanation
yi-shi-de-jie-shi	books/哲学/丹尼尔·丹尼特-意识的解释.md	books/思维科学/证据科学/丹尼尔·丹尼特-意识的解释.md	primary reader goal is mind, knowledge, and explanation
ren-de-jing-kuang	books/哲学/汉娜·阿伦特-人的境况.md	books/人文艺术/政治哲学/汉娜·阿伦特-人的境况.md	political philosophy shelf
xi-da-duo	books/哲学/赫尔曼·黑塞-悉达多.md	books/人文艺术/人生哲学/赫尔曼·黑塞-悉达多.md	life philosophy shelf
kai-fang-she-hui-ji-qi-di-ren	books/哲学/卡尔·波普尔-开放社会及其敌人.md	books/人文艺术/政治哲学/卡尔·波普尔-开放社会及其敌人.md	political philosophy shelf
lun-yu	books/哲学/孔子-论语.md	books/人文艺术/中国哲学/孔子-论语.md	Chinese philosophy shelf
dao-de-jing	books/哲学/老子-道德经.md	books/人文艺术/中国哲学/老子-道德经.md	Chinese philosophy shelf
chen-si-lu	books/哲学/马可·奥勒留-沉思录.md	books/人文艺术/人生哲学/马可·奥勒留-沉思录.md	life philosophy shelf
gong-zheng	books/哲学/迈克尔·桑德尔-公正.md	books/人文艺术/政治哲学/迈克尔·桑德尔-公正.md	political philosophy shelf
su-fei-de-shi-jie	books/哲学/乔斯坦·贾德-苏菲的世界.md	books/人文艺术/人生哲学/乔斯坦·贾德-苏菲的世界.md	life philosophy shelf
ren-sheng-de-zhi-hui	books/哲学/叔本华-人生的智慧.md	books/人文艺术/人生哲学/叔本华-人生的智慧.md	life philosophy shelf
ni-ge-ma-ke-lun-li-xue	books/哲学/亚里士多德-尼各马可伦理学.md	books/人文艺术/人生哲学/亚里士多德-尼各马可伦理学.md	life philosophy shelf
zheng-yi-lun	books/哲学/约翰·罗尔斯-正义论.md	books/人文艺术/政治哲学/约翰·罗尔斯-正义论.md	political philosophy shelf
